[
  {
    "id":15101,
    "name":"Arica",
    "provincia_id":151
  },
  {
    "id":15102,
    "name":"Camarones",
    "provincia_id":151
  },
  {
    "id":15201,
    "name":"Putre",
    "provincia_id":152
  },
  {
    "id":15202,
    "name":"General Lagos",
    "provincia_id":152
  },
  {
    "id":1101,
    "name":"Iquique",
    "provincia_id":11
  },
  {
    "id":1107,
    "name":"Alto Hospicio",
    "provincia_id":11
  },
  {
    "id":1401,
    "name":"Pozo Almonte",
    "provincia_id":14
  },
  {
    "id":1402,
    "name":"Camiña",
    "provincia_id":14
  },
  {
    "id":1403,
    "name":"Colchane",
    "provincia_id":14
  },
  {
    "id":1404,
    "name":"Huara",
    "provincia_id":14
  },
  {
    "id":1405,
    "name":"Pica",
    "provincia_id":14
  },
  {
    "id":2101,
    "name":"Antofagasta",
    "provincia_id":21
  },
  {
    "id":2102,
    "name":"Mejillones",
    "provincia_id":21
  },
  {
    "id":2103,
    "name":"Sierra Gorda",
    "provincia_id":21
  },
  {
    "id":2104,
    "name":"Taltal",
    "provincia_id":21
  },
  {
    "id":2201,
    "name":"Calama",
    "provincia_id":22
  },
  {
    "id":2202,
    "name":"Ollagüe",
    "provincia_id":22
  },
  {
    "id":2203,
    "name":"San Pedro de Atacama",
    "provincia_id":22
  },
  {
    "id":2301,
    "name":"Tocopilla",
    "provincia_id":23
  },
  {
    "id":2302,
    "name":"María Elena",
    "provincia_id":23
  },
  {
    "id":3101,
    "name":"Copiapó",
    "provincia_id":31
  },
  {
    "id":3102,
    "name":"Caldera",
    "provincia_id":31
  },
  {
    "id":3103,
    "name":"Tierra Amarilla",
    "provincia_id":31
  },
  {
    "id":3201,
    "name":"Chañaral",
    "provincia_id":32
  },
  {
    "id":3202,
    "name":"Diego de Almagro",
    "provincia_id":32
  },
  {
    "id":3301,
    "name":"Vallenar",
    "provincia_id":33
  },
  {
    "id":3302,
    "name":"Alto del Carmen",
    "provincia_id":33
  },
  {
    "id":3303,
    "name":"Freirina",
    "provincia_id":33
  },
  {
    "id":3304,
    "name":"Huasco",
    "provincia_id":33
  },
  {
    "id":4101,
    "name":"La Serena",
    "provincia_id":41
  },
  {
    "id":4102,
    "name":"Coquimbo",
    "provincia_id":41
  },
  {
    "id":4103,
    "name":"Andacollo",
    "provincia_id":41
  },
  {
    "id":4104,
    "name":"La Higuera",
    "provincia_id":41
  },
  {
    "id":4105,
    "name":"Paiguano",
    "provincia_id":41
  },
  {
    "id":4106,
    "name":"Vicuña",
    "provincia_id":41
  },
  {
    "id":4201,
    "name":"Illapel",
    "provincia_id":42
  },
  {
    "id":4202,
    "name":"Canela",
    "provincia_id":42
  },
  {
    "id":4203,
    "name":"Los Vilos",
    "provincia_id":42
  },
  {
    "id":4204,
    "name":"Salamanca",
    "provincia_id":42
  },
  {
    "id":4301,
    "name":"Ovalle",
    "provincia_id":43
  },
  {
    "id":4302,
    "name":"Combarbalá",
    "provincia_id":43
  },
  {
    "id":4303,
    "name":"Monte Patria",
    "provincia_id":43
  },
  {
    "id":4304,
    "name":"Punitaqui",
    "provincia_id":43
  },
  {
    "id":4305,
    "name":"Río Hurtado",
    "provincia_id":43
  },
  {
    "id":5101,
    "name":"Valparaíso",
    "provincia_id":51
  },
  {
    "id":5102,
    "name":"Casablanca",
    "provincia_id":51
  },
  {
    "id":5103,
    "name":"Concón",
    "provincia_id":51
  },
  {
    "id":5104,
    "name":"Juan Fernández",
    "provincia_id":51
  },
  {
    "id":5105,
    "name":"Puchuncaví",
    "provincia_id":51
  },
  {
    "id":5107,
    "name":"Quintero",
    "provincia_id":51
  },
  {
    "id":5109,
    "name":"Viña del Mar",
    "provincia_id":51
  },
  {
    "id":5201,
    "name":"Isla de Pascua",
    "provincia_id":52
  },
  {
    "id":5301,
    "name":"Los Andes",
    "provincia_id":53
  },
  {
    "id":5302,
    "name":"Calle Larga",
    "provincia_id":53
  },
  {
    "id":5303,
    "name":"Rinconada",
    "provincia_id":53
  },
  {
    "id":5304,
    "name":"San Esteban",
    "provincia_id":53
  },
  {
    "id":5401,
    "name":"La Ligua",
    "provincia_id":54
  },
  {
    "id":5402,
    "name":"Cabildo",
    "provincia_id":54
  },
  {
    "id":5403,
    "name":"Papudo",
    "provincia_id":54
  },
  {
    "id":5404,
    "name":"Petorca",
    "provincia_id":54
  },
  {
    "id":5405,
    "name":"Zapallar",
    "provincia_id":54
  },
  {
    "id":5501,
    "name":"Quillota",
    "provincia_id":55
  },
  {
    "id":5502,
    "name":"Calera",
    "provincia_id":55
  },
  {
    "id":5503,
    "name":"Hijuelas",
    "provincia_id":55
  },
  {
    "id":5504,
    "name":"La Cruz",
    "provincia_id":55
  },
  {
    "id":5506,
    "name":"Nogales",
    "provincia_id":55
  },
  {
    "id":5601,
    "name":"San Antonio",
    "provincia_id":56
  },
  {
    "id":5602,
    "name":"Algarrobo",
    "provincia_id":56
  },
  {
    "id":5603,
    "name":"Cartagena",
    "provincia_id":56
  },
  {
    "id":5604,
    "name":"El Quisco",
    "provincia_id":56
  },
  {
    "id":5605,
    "name":"El Tabo",
    "provincia_id":56
  },
  {
    "id":5606,
    "name":"Santo Domingo",
    "provincia_id":56
  },
  {
    "id":5701,
    "name":"San Felipe",
    "provincia_id":57
  },
  {
    "id":5702,
    "name":"Catemu",
    "provincia_id":57
  },
  {
    "id":5703,
    "name":"Llaillay",
    "provincia_id":57
  },
  {
    "id":5704,
    "name":"Panquehue",
    "provincia_id":57
  },
  {
    "id":5705,
    "name":"Putaendo",
    "provincia_id":57
  },
  {
    "id":5706,
    "name":"Santa María",
    "provincia_id":57
  },
  {
    "id":5801,
    "name":"Quilpué",
    "provincia_id":58
  },
  {
    "id":5802,
    "name":"Limache",
    "provincia_id":58
  },
  {
    "id":5803,
    "name":"Olmué",
    "provincia_id":58
  },
  {
    "id":5804,
    "name":"Villa Alemana",
    "provincia_id":58
  },
  {
    "id":6101,
    "name":"Rancagua",
    "provincia_id":61
  },
  {
    "id":6102,
    "name":"Codegua",
    "provincia_id":61
  },
  {
    "id":6103,
    "name":"Coinco",
    "provincia_id":61
  },
  {
    "id":6104,
    "name":"Coltauco",
    "provincia_id":61
  },
  {
    "id":6105,
    "name":"Doñihue",
    "provincia_id":61
  },
  {
    "id":6106,
    "name":"Graneros",
    "provincia_id":61
  },
  {
    "id":6107,
    "name":"Las Cabras",
    "provincia_id":61
  },
  {
    "id":6108,
    "name":"Machalí",
    "provincia_id":61
  },
  {
    "id":6109,
    "name":"Malloa",
    "provincia_id":61
  },
  {
    "id":6110,
    "name":"Mostazal",
    "provincia_id":61
  },
  {
    "id":6111,
    "name":"Olivar",
    "provincia_id":61
  },
  {
    "id":6112,
    "name":"Peumo",
    "provincia_id":61
  },
  {
    "id":6113,
    "name":"Pichidegua",
    "provincia_id":61
  },
  {
    "id":6114,
    "name":"Quinta de Tilcoco",
    "provincia_id":61
  },
  {
    "id":6115,
    "name":"Rengo",
    "provincia_id":61
  },
  {
    "id":6116,
    "name":"Requínoa",
    "provincia_id":61
  },
  {
    "id":6117,
    "name":"San Vicente",
    "provincia_id":61
  },
  {
    "id":6201,
    "name":"Pichilemu",
    "provincia_id":62
  },
  {
    "id":6202,
    "name":"La Estrella",
    "provincia_id":62
  },
  {
    "id":6203,
    "name":"Litueche",
    "provincia_id":62
  },
  {
    "id":6204,
    "name":"Marchihue",
    "provincia_id":62
  },
  {
    "id":6205,
    "name":"Navidad",
    "provincia_id":62
  },
  {
    "id":6206,
    "name":"Paredones",
    "provincia_id":62
  },
  {
    "id":6301,
    "name":"San Fernando",
    "provincia_id":63
  },
  {
    "id":6302,
    "name":"Chépica",
    "provincia_id":63
  },
  {
    "id":6303,
    "name":"Chimbarongo",
    "provincia_id":63
  },
  {
    "id":6304,
    "name":"Lolol",
    "provincia_id":63
  },
  {
    "id":6305,
    "name":"Nancagua",
    "provincia_id":63
  },
  {
    "id":6306,
    "name":"Palmilla",
    "provincia_id":63
  },
  {
    "id":6307,
    "name":"Peralillo",
    "provincia_id":63
  },
  {
    "id":6308,
    "name":"Placilla",
    "provincia_id":63
  },
  {
    "id":6309,
    "name":"Pumanque",
    "provincia_id":63
  },
  {
    "id":6310,
    "name":"Santa Cruz",
    "provincia_id":63
  },
  {
    "id":7101,
    "name":"Talca",
    "provincia_id":71
  },
  {
    "id":7102,
    "name":"Constitución",
    "provincia_id":71
  },
  {
    "id":7103,
    "name":"Curepto",
    "provincia_id":71
  },
  {
    "id":7104,
    "name":"Empedrado",
    "provincia_id":71
  },
  {
    "id":7105,
    "name":"Maule",
    "provincia_id":71
  },
  {
    "id":7106,
    "name":"Pelarco",
    "provincia_id":71
  },
  {
    "id":7107,
    "name":"Pencahue",
    "provincia_id":71
  },
  {
    "id":7108,
    "name":"Río Claro",
    "provincia_id":71
  },
  {
    "id":7109,
    "name":"San Clemente",
    "provincia_id":71
  },
  {
    "id":7110,
    "name":"San Rafael",
    "provincia_id":71
  },
  {
    "id":7201,
    "name":"Cauquenes",
    "provincia_id":72
  },
  {
    "id":7202,
    "name":"Chanco",
    "provincia_id":72
  },
  {
    "id":7203,
    "name":"Pelluhue",
    "provincia_id":72
  },
  {
    "id":7301,
    "name":"Curicó",
    "provincia_id":73
  },
  {
    "id":7302,
    "name":"Hualañé",
    "provincia_id":73
  },
  {
    "id":7303,
    "name":"Licantén",
    "provincia_id":73
  },
  {
    "id":7304,
    "name":"Molina",
    "provincia_id":73
  },
  {
    "id":7305,
    "name":"Rauco",
    "provincia_id":73
  },
  {
    "id":7306,
    "name":"Romeral",
    "provincia_id":73
  },
  {
    "id":7307,
    "name":"Sagrada Familia",
    "provincia_id":73
  },
  {
    "id":7308,
    "name":"Teno",
    "provincia_id":73
  },
  {
    "id":7309,
    "name":"Vichuquén",
    "provincia_id":73
  },
  {
    "id":7401,
    "name":"Linares",
    "provincia_id":74
  },
  {
    "id":7402,
    "name":"Colbún",
    "provincia_id":74
  },
  {
    "id":7403,
    "name":"Longaví",
    "provincia_id":74
  },
  {
    "id":7404,
    "name":"Parral",
    "provincia_id":74
  },
  {
    "id":7405,
    "name":"Retiro",
    "provincia_id":74
  },
  {
    "id":7406,
    "name":"San Javier",
    "provincia_id":74
  },
  {
    "id":7407,
    "name":"Villa Alegre",
    "provincia_id":74
  },
  {
    "id":7408,
    "name":"Yerbas Buenas",
    "provincia_id":74
  },
  {
    "id":8101,
    "name":"Concepción",
    "provincia_id":81
  },
  {
    "id":8102,
    "name":"Coronel",
    "provincia_id":81
  },
  {
    "id":8103,
    "name":"Chiguayante",
    "provincia_id":81
  },
  {
    "id":8104,
    "name":"Florida",
    "provincia_id":81
  },
  {
    "id":8105,
    "name":"Hualqui",
    "provincia_id":81
  },
  {
    "id":8106,
    "name":"Lota",
    "provincia_id":81
  },
  {
    "id":8107,
    "name":"Penco",
    "provincia_id":81
  },
  {
    "id":8108,
    "name":"San Pedro de la Paz",
    "provincia_id":81
  },
  {
    "id":8109,
    "name":"Santa Juana",
    "provincia_id":81
  },
  {
    "id":8110,
    "name":"Talcahuano",
    "provincia_id":81
  },
  {
    "id":8111,
    "name":"Tomé",
    "provincia_id":81
  },
  {
    "id":8112,
    "name":"Hualpén",
    "provincia_id":81
  },
  {
    "id":8201,
    "name":"Lebu",
    "provincia_id":82
  },
  {
    "id":8202,
    "name":"Arauco",
    "provincia_id":82
  },
  {
    "id":8203,
    "name":"Cañete",
    "provincia_id":82
  },
  {
    "id":8204,
    "name":"Contulmo",
    "provincia_id":82
  },
  {
    "id":8205,
    "name":"Curanilahue",
    "provincia_id":82
  },
  {
    "id":8206,
    "name":"Los Álamos",
    "provincia_id":82
  },
  {
    "id":8207,
    "name":"Tirúa",
    "provincia_id":82
  },
  {
    "id":8301,
    "name":"Los Ángeles",
    "provincia_id":83
  },
  {
    "id":8302,
    "name":"Antuco",
    "provincia_id":83
  },
  {
    "id":8303,
    "name":"Cabrero",
    "provincia_id":83
  },
  {
    "id":8304,
    "name":"Laja",
    "provincia_id":83
  },
  {
    "id":8305,
    "name":"Mulchén",
    "provincia_id":83
  },
  {
    "id":8306,
    "name":"Nacimiento",
    "provincia_id":83
  },
  {
    "id":8307,
    "name":"Negrete",
    "provincia_id":83
  },
  {
    "id":8308,
    "name":"Quilaco",
    "provincia_id":83
  },
  {
    "id":8309,
    "name":"Quilleco",
    "provincia_id":83
  },
  {
    "id":8310,
    "name":"San Rosendo",
    "provincia_id":83
  },
  {
    "id":8311,
    "name":"Santa Bárbara",
    "provincia_id":83
  },
  {
    "id":8312,
    "name":"Tucapel",
    "provincia_id":83
  },
  {
    "id":8313,
    "name":"Yumbel",
    "provincia_id":83
  },
  {
    "id":8314,
    "name":"Alto Biobío",
    "provincia_id":83
  },
  {
    "id":8401,
    "name":"Chillán",
    "provincia_id":84
  },
  {
    "id":8402,
    "name":"Bulnes",
    "provincia_id":84
  },
  {
    "id":8403,
    "name":"Cobquecura",
    "provincia_id":84
  },
  {
    "id":8404,
    "name":"Coelemu",
    "provincia_id":84
  },
  {
    "id":8405,
    "name":"Coihueco",
    "provincia_id":84
  },
  {
    "id":8406,
    "name":"Chillán Viejo",
    "provincia_id":84
  },
  {
    "id":8407,
    "name":"El Carmen",
    "provincia_id":84
  },
  {
    "id":8408,
    "name":"Ninhue",
    "provincia_id":84
  },
  {
    "id":8409,
    "name":"Ñiquén",
    "provincia_id":84
  },
  {
    "id":8410,
    "name":"Pemuco",
    "provincia_id":84
  },
  {
    "id":8411,
    "name":"Pinto",
    "provincia_id":84
  },
  {
    "id":8412,
    "name":"Portezuelo",
    "provincia_id":84
  },
  {
    "id":8413,
    "name":"Quillón",
    "provincia_id":84
  },
  {
    "id":8414,
    "name":"Quirihue",
    "provincia_id":84
  },
  {
    "id":8415,
    "name":"Ránquil",
    "provincia_id":84
  },
  {
    "id":8416,
    "name":"San Carlos",
    "provincia_id":84
  },
  {
    "id":8417,
    "name":"San Fabián",
    "provincia_id":84
  },
  {
    "id":8418,
    "name":"San Ignacio",
    "provincia_id":84
  },
  {
    "id":8419,
    "name":"San Nicolás",
    "provincia_id":84
  },
  {
    "id":8420,
    "name":"Treguaco",
    "provincia_id":84
  },
  {
    "id":8421,
    "name":"Yungay",
    "provincia_id":84
  },
  {
    "id":9101,
    "name":"Temuco",
    "provincia_id":91
  },
  {
    "id":9102,
    "name":"Carahue",
    "provincia_id":91
  },
  {
    "id":9103,
    "name":"Cunco",
    "provincia_id":91
  },
  {
    "id":9104,
    "name":"Curarrehue",
    "provincia_id":91
  },
  {
    "id":9105,
    "name":"Freire",
    "provincia_id":91
  },
  {
    "id":9106,
    "name":"Galvarino",
    "provincia_id":91
  },
  {
    "id":9107,
    "name":"Gorbea",
    "provincia_id":91
  },
  {
    "id":9108,
    "name":"Lautaro",
    "provincia_id":91
  },
  {
    "id":9109,
    "name":"Loncoche",
    "provincia_id":91
  },
  {
    "id":9110,
    "name":"Melipeuco",
    "provincia_id":91
  },
  {
    "id":9111,
    "name":"Nueva Imperial",
    "provincia_id":91
  },
  {
    "id":9112,
    "name":"Padre las Casas",
    "provincia_id":91
  },
  {
    "id":9113,
    "name":"Perquenco",
    "provincia_id":91
  },
  {
    "id":9114,
    "name":"Pitrufquén",
    "provincia_id":91
  },
  {
    "id":9115,
    "name":"Pucón",
    "provincia_id":91
  },
  {
    "id":9116,
    "name":"Saavedra",
    "provincia_id":91
  },
  {
    "id":9117,
    "name":"Teodoro Schmidt",
    "provincia_id":91
  },
  {
    "id":9118,
    "name":"Toltén",
    "provincia_id":91
  },
  {
    "id":9119,
    "name":"Vilcún",
    "provincia_id":91
  },
  {
    "id":9120,
    "name":"Villarrica",
    "provincia_id":91
  },
  {
    "id":9121,
    "name":"Cholchol",
    "provincia_id":91
  },
  {
    "id":9201,
    "name":"Angol",
    "provincia_id":92
  },
  {
    "id":9202,
    "name":"Collipulli",
    "provincia_id":92
  },
  {
    "id":9203,
    "name":"Curacautín",
    "provincia_id":92
  },
  {
    "id":9204,
    "name":"Ercilla",
    "provincia_id":92
  },
  {
    "id":9205,
    "name":"Lonquimay",
    "provincia_id":92
  },
  {
    "id":9206,
    "name":"Los Sauces",
    "provincia_id":92
  },
  {
    "id":9207,
    "name":"Lumaco",
    "provincia_id":92
  },
  {
    "id":9208,
    "name":"Purén",
    "provincia_id":92
  },
  {
    "id":9209,
    "name":"Renaico",
    "provincia_id":92
  },
  {
    "id":9210,
    "name":"Traiguén",
    "provincia_id":92
  },
  {
    "id":9211,
    "name":"Victoria",
    "provincia_id":92
  },
  {
    "id":10101,
    "name":"Puerto Montt",
    "provincia_id":101
  },
  {
    "id":10102,
    "name":"Calbuco",
    "provincia_id":101
  },
  {
    "id":10103,
    "name":"Cochamó",
    "provincia_id":101
  },
  {
    "id":10104,
    "name":"Fresia",
    "provincia_id":101
  },
  {
    "id":10105,
    "name":"Frutillar",
    "provincia_id":101
  },
  {
    "id":10106,
    "name":"Los Muermos",
    "provincia_id":101
  },
  {
    "id":10107,
    "name":"Llanquihue",
    "provincia_id":101
  },
  {
    "id":10108,
    "name":"Maullín",
    "provincia_id":101
  },
  {
    "id":10109,
    "name":"Puerto Varas",
    "provincia_id":101
  },
  {
    "id":10201,
    "name":"Castro",
    "provincia_id":102
  },
  {
    "id":10202,
    "name":"Ancud",
    "provincia_id":102
  },
  {
    "id":10203,
    "name":"Chonchi",
    "provincia_id":102
  },
  {
    "id":10204,
    "name":"Curaco de Vélez",
    "provincia_id":102
  },
  {
    "id":10205,
    "name":"Dalcahue",
    "provincia_id":102
  },
  {
    "id":10206,
    "name":"Puqueldón",
    "provincia_id":102
  },
  {
    "id":10207,
    "name":"Queilén",
    "provincia_id":102
  },
  {
    "id":10208,
    "name":"Quellón",
    "provincia_id":102
  },
  {
    "id":10209,
    "name":"Quemchi",
    "provincia_id":102
  },
  {
    "id":10210,
    "name":"Quinchao",
    "provincia_id":102
  },
  {
    "id":10301,
    "name":"Osorno",
    "provincia_id":103
  },
  {
    "id":10302,
    "name":"Puerto Octay",
    "provincia_id":103
  },
  {
    "id":10303,
    "name":"Purranque",
    "provincia_id":103
  },
  {
    "id":10304,
    "name":"Puyehue",
    "provincia_id":103
  },
  {
    "id":10305,
    "name":"Río Negro",
    "provincia_id":103
  },
  {
    "id":10306,
    "name":"San Juan de la Costa",
    "provincia_id":103
  },
  {
    "id":10307,
    "name":"San Pablo",
    "provincia_id":103
  },
  {
    "id":10401,
    "name":"Chaitén",
    "provincia_id":104
  },
  {
    "id":10402,
    "name":"Futaleufú",
    "provincia_id":104
  },
  {
    "id":10403,
    "name":"Hualaihué",
    "provincia_id":104
  },
  {
    "id":10404,
    "name":"Palena",
    "provincia_id":104
  },
  {
    "id":11101,
    "name":"Coihaique",
    "provincia_id":111
  },
  {
    "id":11102,
    "name":"Lago Verde",
    "provincia_id":111
  },
  {
    "id":11201,
    "name":"Aisén",
    "provincia_id":112
  },
  {
    "id":11202,
    "name":"Cisnes",
    "provincia_id":112
  },
  {
    "id":11203,
    "name":"Guaitecas",
    "provincia_id":112
  },
  {
    "id":11301,
    "name":"Cochrane",
    "provincia_id":113
  },
  {
    "id":11302,
    "name":"O’Higgins",
    "provincia_id":113
  },
  {
    "id":11303,
    "name":"Tortel",
    "provincia_id":113
  },
  {
    "id":11401,
    "name":"Chile Chico",
    "provincia_id":114
  },
  {
    "id":11402,
    "name":"Río Ibáñez",
    "provincia_id":114
  },
  {
    "id":12101,
    "name":"Punta Arenas",
    "provincia_id":121
  },
  {
    "id":12102,
    "name":"Laguna Blanca",
    "provincia_id":121
  },
  {
    "id":12103,
    "name":"Río Verde",
    "provincia_id":121
  },
  {
    "id":12104,
    "name":"San Gregorio",
    "provincia_id":121
  },
  {
    "id":12201,
    "name":"Cabo de Hornos",
    "provincia_id":122
  },
  {
    "id":12202,
    "name":"Antártica",
    "provincia_id":122
  },
  {
    "id":12301,
    "name":"Porvenir",
    "provincia_id":123
  },
  {
    "id":12302,
    "name":"Primavera",
    "provincia_id":123
  },
  {
    "id":12303,
    "name":"Timaukel",
    "provincia_id":123
  },
  {
    "id":12401,
    "name":"Natales",
    "provincia_id":124
  },
  {
    "id":12402,
    "name":"Torres del Paine",
    "provincia_id":124
  },
  {
    "id":13101,
    "name":"Santiago",
    "provincia_id":131
  },
  {
    "id":13102,
    "name":"Cerrillos",
    "provincia_id":131
  },
  {
    "id":13103,
    "name":"Cerro Navia",
    "provincia_id":131
  },
  {
    "id":13104,
    "name":"Conchalí",
    "provincia_id":131
  },
  {
    "id":13105,
    "name":"El Bosque",
    "provincia_id":131
  },
  {
    "id":13106,
    "name":"Estación Central",
    "provincia_id":131
  },
  {
    "id":13107,
    "name":"Huechuraba",
    "provincia_id":131
  },
  {
    "id":13108,
    "name":"Independencia",
    "provincia_id":131
  },
  {
    "id":13109,
    "name":"La Cisterna",
    "provincia_id":131
  },
  {
    "id":13110,
    "name":"La Florida",
    "provincia_id":131
  },
  {
    "id":13111,
    "name":"La Granja",
    "provincia_id":131
  },
  {
    "id":13112,
    "name":"La Pintana",
    "provincia_id":131
  },
  {
    "id":13113,
    "name":"La Reina",
    "provincia_id":131
  },
  {
    "id":13114,
    "name":"Las Condes",
    "provincia_id":131
  },
  {
    "id":13115,
    "name":"Lo Barnechea",
    "provincia_id":131
  },
  {
    "id":13116,
    "name":"Lo Espejo",
    "provincia_id":131
  },
  {
    "id":13117,
    "name":"Lo Prado",
    "provincia_id":131
  },
  {
    "id":13118,
    "name":"Macul",
    "provincia_id":131
  },
  {
    "id":13119,
    "name":"Maipú",
    "provincia_id":131
  },
  {
    "id":13120,
    "name":"Ñuñoa",
    "provincia_id":131
  },
  {
    "id":13121,
    "name":"Pedro Aguirre Cerda",
    "provincia_id":131
  },
  {
    "id":13122,
    "name":"Peñalolén",
    "provincia_id":131
  },
  {
    "id":13123,
    "name":"Providencia",
    "provincia_id":131
  },
  {
    "id":13124,
    "name":"Pudahuel",
    "provincia_id":131
  },
  {
    "id":13125,
    "name":"Quilicura",
    "provincia_id":131
  },
  {
    "id":13126,
    "name":"Quinta Normal",
    "provincia_id":131
  },
  {
    "id":13127,
    "name":"Recoleta",
    "provincia_id":131
  },
  {
    "id":13128,
    "name":"Renca",
    "provincia_id":131
  },
  {
    "id":13129,
    "name":"San Joaquín",
    "provincia_id":131
  },
  {
    "id":13130,
    "name":"San Miguel",
    "provincia_id":131
  },
  {
    "id":13131,
    "name":"San Ramón",
    "provincia_id":131
  },
  {
    "id":13132,
    "name":"Vitacura",
    "provincia_id":131
  },
  {
    "id":13201,
    "name":"Puente Alto",
    "provincia_id":132
  },
  {
    "id":13202,
    "name":"Pirque",
    "provincia_id":132
  },
  {
    "id":13203,
    "name":"San José de Maipo",
    "provincia_id":132
  },
  {
    "id":13301,
    "name":"Colina",
    "provincia_id":133
  },
  {
    "id":13302,
    "name":"Lampa",
    "provincia_id":133
  },
  {
    "id":13303,
    "name":"Tiltil",
    "provincia_id":133
  },
  {
    "id":13401,
    "name":"San Bernardo",
    "provincia_id":134
  },
  {
    "id":13402,
    "name":"Buin",
    "provincia_id":134
  },
  {
    "id":13403,
    "name":"Calera de Tango",
    "provincia_id":134
  },
  {
    "id":13404,
    "name":"Paine",
    "provincia_id":134
  },
  {
    "id":13501,
    "name":"Melipilla",
    "provincia_id":135
  },
  {
    "id":13502,
    "name":"Alhué",
    "provincia_id":135
  },
  {
    "id":13503,
    "name":"Curacaví",
    "provincia_id":135
  },
  {
    "id":13504,
    "name":"María Pinto",
    "provincia_id":135
  },
  {
    "id":13505,
    "name":"San Pedro",
    "provincia_id":135
  },
  {
    "id":13601,
    "name":"Talagante",
    "provincia_id":136
  },
  {
    "id":13602,
    "name":"El Monte",
    "provincia_id":136
  },
  {
    "id":13603,
    "name":"Isla de Maipo",
    "provincia_id":136
  },
  {
    "id":13604,
    "name":"Padre Hurtado",
    "provincia_id":136
  },
  {
    "id":13605,
    "name":"Peñaflor",
    "provincia_id":136
  },
  {
    "id":14101,
    "name":"Valdivia",
    "provincia_id":141
  },
  {
    "id":14102,
    "name":"Corral",
    "provincia_id":141
  },
  {
    "id":14103,
    "name":"Lanco",
    "provincia_id":141
  },
  {
    "id":14104,
    "name":"Los Lagos",
    "provincia_id":141
  },
  {
    "id":14105,
    "name":"Máfil",
    "provincia_id":141
  },
  {
    "id":14106,
    "name":"Mariquina",
    "provincia_id":141
  },
  {
    "id":14107,
    "name":"Paillaco",
    "provincia_id":141
  },
  {
    "id":14108,
    "name":"Panguipulli",
    "provincia_id":141
  },
  {
    "id":14201,
    "name":"La Unión",
    "provincia_id":142
  },
  {
    "id":14202,
    "name":"Futrono",
    "provincia_id":142
  },
  {
    "id":14203,
    "name":"Lago Ranco",
    "provincia_id":142
  },
  {
    "id":14204,
    "name":"Río Bueno",
    "provincia_id":142
  }
]